BatchNum,Accuracy,Precision,Recall
1,0.96,0.9298245614035088,1.0
2,0.96,0.9322033898305084,1.0
3,0.98,0.9636363636363636,1.0
4,0.97,0.9444444444444444,1.0
5,0.97,0.9411764705882353,1.0
6,0.99,0.9821428571428571,1.0
7,1.0,1.0,1.0
8,0.98,0.9574468085106383,1.0
9,0.96,0.9344262295081968,1.0
10,0.98,0.9574468085106383,1.0
11,0.98,0.9661016949152542,1.0
12,0.99,0.9818181818181818,1.0
13,1.0,1.0,1.0
14,0.98,0.9574468085106383,1.0
15,0.97,0.9444444444444444,1.0
16,0.96,0.9354838709677419,1.0
17,0.98,0.9607843137254902,1.0
18,0.96,0.9310344827586207,1.0
19,0.97,0.9473684210526315,1.0
20,0.98,0.9622641509433962,1.0
21,0.98,0.9583333333333334,1.0
22,0.96,0.9183673469387755,1.0
23,0.98,0.9661016949152542,1.0
24,0.99,0.9811320754716981,1.0
25,0.97,0.9555555555555556,0.9772727272727273
26,0.97,0.9464285714285714,1.0
27,0.95,0.9038461538461539,1.0
28,0.99,0.9830508474576272,1.0
29,0.96,0.9354838709677419,1.0
30,0.99,0.9814814814814815,1.0
31,1.0,1.0,1.0
32,1.0,1.0,1.0
33,1.0,1.0,1.0
34,0.99,0.9814814814814815,1.0
35,0.98,0.9642857142857143,1.0
36,0.92,0.8709677419354839,1.0
37,0.94,0.9,1.0
38,0.98,0.9666666666666667,1.0
39,0.97,0.9433962264150944,1.0
40,1.0,1.0,1.0
